{
  "interactionModel": {
    "languageModel": {
      "invocationName": "basic calculator",
      "intents": [
        {
          "name": "AMAZON.CancelIntent",
          "samples": []
        },
        {
          "name": "AMAZON.HelpIntent",
          "samples": []
        },
        {
          "name": "AMAZON.StopIntent",
          "samples": []
        },
        {
          "name": "AMAZON.NavigateHomeIntent",
          "samples": []
        },
        {
          "name": "IntentSuma",
          "slots": [
            {
              "name": "cantUno",
              "type": "AMAZON.NUMBER",
              "samples": [
                "{cantUno}"
              ]
            },
            {
              "name": "cantDos",
              "type": "AMAZON.NUMBER",
              "samples": [
                "{cantDos}"
              ]
            }
          ],
          "samples": [
            "addition {cantUno} further {cantDos}"
          ]
        },
        {
          "name": "IntentResta",
          "slots": [
            {
              "name": "cantUno",
              "type": "AMAZON.NUMBER",
              "samples": [
                "{cantUno}"
              ]
            },
            {
              "name": "cantDos",
              "type": "AMAZON.NUMBER",
              "samples": [
                "{cantDos}"
              ]
            }
          ],
          "samples": [
            "subtraction {cantUno} less {cantDos}"
          ]
        },
        {
          "name": "IntentMultiplicacion",
          "slots": [
            {
              "name": "cantUno",
              "type": "AMAZON.NUMBER",
              "samples": [
                "{cantUno}"
              ]
            },
            {
              "name": "cantDos",
              "type": "AMAZON.NUMBER",
              "samples": [
                "{cantDos}"
              ]
            }
          ],
          "samples": [
            "multiply {cantUno} by {cantDos}"
          ]
        },
        {
          "name": "IntentDivision",
          "slots": [
            {
              "name": "cantUno",
              "type": "AMAZON.NUMBER",
              "samples": [
                "{cantUno}"
              ]
            },
            {
              "name": "cantDos",
              "type": "AMAZON.NUMBER",
              "samples": [
                "{cantDos}"
              ]
            }
          ],
          "samples": [
            "division {cantUno} between {cantDos}"
          ]
        }
      ],
      "types": []
    },
    "dialog": {
      "intents": [
        {
          "name": "IntentSuma",
          "confirmationRequired": false,
          "prompts": {},
          "slots": [
            {
              "name": "cantUno",
              "type": "AMAZON.NUMBER",
              "elicitationRequired": true,
              "confirmationRequired": false,
              "prompts": {
                "elicitation": "Elicit.Slot.864383859714.1675231052295"
              }
            },
            {
              "name": "cantDos",
              "type": "AMAZON.NUMBER",
              "elicitationRequired": true,
              "confirmationRequired": false,
              "prompts": {
                "elicitation": "Elicit.Slot.864383859714.15871284933"
              }
            }
          ]
        },
        {
          "name": "IntentResta",
          "confirmationRequired": false,
          "prompts": {},
          "slots": [
            {
              "name": "cantUno",
              "type": "AMAZON.NUMBER",
              "elicitationRequired": true,
              "confirmationRequired": false,
              "prompts": {
                "elicitation": "Elicit.Slot.1611371295082.1431294166715"
              }
            },
            {
              "name": "cantDos",
              "type": "AMAZON.NUMBER",
              "elicitationRequired": true,
              "confirmationRequired": false,
              "prompts": {
                "elicitation": "Elicit.Slot.1611371295082.552752010184"
              }
            }
          ]
        },
        {
          "name": "IntentMultiplicacion",
          "confirmationRequired": false,
          "prompts": {},
          "slots": [
            {
              "name": "cantUno",
              "type": "AMAZON.NUMBER",
              "elicitationRequired": true,
              "confirmationRequired": false,
              "prompts": {
                "elicitation": "Elicit.Slot.771669541669.374780076032"
              }
            },
            {
              "name": "cantDos",
              "type": "AMAZON.NUMBER",
              "elicitationRequired": true,
              "confirmationRequired": false,
              "prompts": {
                "elicitation": "Elicit.Slot.771669541669.825748408789"
              }
            }
          ]
        },
        {
          "name": "IntentDivision",
          "confirmationRequired": false,
          "prompts": {},
          "slots": [
            {
              "name": "cantUno",
              "type": "AMAZON.NUMBER",
              "elicitationRequired": true,
              "confirmationRequired": false,
              "prompts": {
                "elicitation": "Elicit.Slot.1329248743321.1070022743601"
              }
            },
            {
              "name": "cantDos",
              "type": "AMAZON.NUMBER",
              "elicitationRequired": true,
              "confirmationRequired": false,
              "prompts": {
                "elicitation": "Elicit.Slot.1329248743321.578272735019"
              }
            }
          ]
        }
      ],
      "delegationStrategy": "ALWAYS"
    },
    "prompts": [
      {
        "id": "Elicit.Slot.864383859714.1675231052295",
        "variations": [
          {
            "type": "PlainText",
            "value": "Vaya, algo salio mal "
          }
        ]
      },
      {
        "id": "Elicit.Slot.864383859714.15871284933",
        "variations": [
          {
            "type": "PlainText",
            "value": "Could not create conversion"
          }
        ]
      },
      {
        "id": "Elicit.Slot.1611371295082.1431294166715",
        "variations": [
          {
            "type": "PlainText",
            "value": "I\u0027m so sorry but it couldn\u0027t be created"
          }
        ]
      },
      {
        "id": "Elicit.Slot.1611371295082.552752010184",
        "variations": [
          {
            "type": "PlainText",
            "value": "Oops, there was a problem with the subtraction"
          }
        ]
      },
      {
        "id": "Elicit.Slot.771669541669.374780076032",
        "variations": [
          {
            "type": "PlainText",
            "value": "could not create"
          }
        ]
      },
      {
        "id": "Elicit.Slot.771669541669.825748408789",
        "variations": [
          {
            "type": "PlainText",
            "value": "geez an error occurred"
          }
        ]
      },
      {
        "id": "Elicit.Slot.1329248743321.1070022743601",
        "variations": [
          {
            "type": "PlainText",
            "value": "There\u0027s been a problem"
          }
        ]
      },
      {
        "id": "Elicit.Slot.1329248743321.578272735019",
        "variations": [
          {
            "type": "PlainText",
            "value": "There was a problem"
          }
        ]
      }
    ]
  },
  "version": "3"
}