{
  "interactionModel": {
    "languageModel": {
      "invocationName": "calculadora basica",
      "intents": [
        {
          "name": "AMAZON.CancelIntent",
          "samples": []
        },
        {
          "name": "AMAZON.HelpIntent",
          "samples": []
        },
        {
          "name": "AMAZON.StopIntent",
          "samples": []
        },
        {
          "name": "AMAZON.NavigateHomeIntent",
          "samples": []
        },
        {
          "name": "IntentSuma",
          "slots": [
            {
              "name": "cantUno",
              "type": "AMAZON.NUMBER",
              "samples": [
                "{cantUno}"
              ]
            },
            {
              "name": "cantDos",
              "type": "AMAZON.NUMBER",
              "samples": [
                "{cantDos}"
              ]
            }
          ],
          "samples": [
            "suma {cantUno} mas {cantDos}"
          ]
        },
        {
          "name": "IntentResta",
          "slots": [
            {
              "name": "cantUno",
              "type": "AMAZON.NUMBER",
              "samples": [
                "{cantUno}"
              ]
            },
            {
              "name": "cantDos",
              "type": "AMAZON.NUMBER",
              "samples": [
                "{cantDos}"
              ]
            }
          ],
          "samples": [
            "resta {cantUno} menos {cantDos}"
          ]
        },
        {
          "name": "IntentMultiplicacion",
          "slots": [
            {
              "name": "cantUno",
              "type": "AMAZON.NUMBER",
              "samples": [
                "{cantUno}"
              ]
            },
            {
              "name": "cantDos",
              "type": "AMAZON.NUMBER",
              "samples": [
                "{cantDos}"
              ]
            }
          ],
          "samples": [
            "multiplica {cantUno} por {cantDos}"
          ]
        },
        {
          "name": "IntentDivision",
          "slots": [
            {
              "name": "cantUno",
              "type": "AMAZON.NUMBER",
              "samples": [
                "{cantUno}"
              ]
            },
            {
              "name": "cantDos",
              "type": "AMAZON.NUMBER",
              "samples": [
                "{cantDos}"
              ]
            }
          ],
          "samples": [
            "divide {cantUno} entre {cantDos}"
          ]
        }
      ],
      "types": []
    },
    "dialog": {
      "intents": [
        {
          "name": "IntentSuma",
          "confirmationRequired": false,
          "prompts": {},
          "slots": [
            {
              "name": "cantUno",
              "type": "AMAZON.NUMBER",
              "elicitationRequired": true,
              "confirmationRequired": false,
              "prompts": {
                "elicitation": "Elicit.Slot.864383859714.1675231052295"
              }
            },
            {
              "name": "cantDos",
              "type": "AMAZON.NUMBER",
              "elicitationRequired": true,
              "confirmationRequired": false,
              "prompts": {
                "elicitation": "Elicit.Slot.864383859714.15871284933"
              }
            }
          ]
        },
        {
          "name": "IntentResta",
          "confirmationRequired": false,
          "prompts": {},
          "slots": [
            {
              "name": "cantUno",
              "type": "AMAZON.NUMBER",
              "elicitationRequired": true,
              "confirmationRequired": false,
              "prompts": {
                "elicitation": "Elicit.Slot.1611371295082.1431294166715"
              }
            },
            {
              "name": "cantDos",
              "type": "AMAZON.NUMBER",
              "elicitationRequired": true,
              "confirmationRequired": false,
              "prompts": {
                "elicitation": "Elicit.Slot.1611371295082.552752010184"
              }
            }
          ]
        },
        {
          "name": "IntentMultiplicacion",
          "confirmationRequired": false,
          "prompts": {},
          "slots": [
            {
              "name": "cantUno",
              "type": "AMAZON.NUMBER",
              "elicitationRequired": true,
              "confirmationRequired": false,
              "prompts": {
                "elicitation": "Elicit.Slot.771669541669.374780076032"
              }
            },
            {
              "name": "cantDos",
              "type": "AMAZON.NUMBER",
              "elicitationRequired": true,
              "confirmationRequired": false,
              "prompts": {
                "elicitation": "Elicit.Slot.771669541669.825748408789"
              }
            }
          ]
        },
        {
          "name": "IntentDivision",
          "confirmationRequired": false,
          "prompts": {},
          "slots": [
            {
              "name": "cantUno",
              "type": "AMAZON.NUMBER",
              "elicitationRequired": true,
              "confirmationRequired": false,
              "prompts": {
                "elicitation": "Elicit.Slot.1329248743321.1070022743601"
              }
            },
            {
              "name": "cantDos",
              "type": "AMAZON.NUMBER",
              "elicitationRequired": true,
              "confirmationRequired": false,
              "prompts": {
                "elicitation": "Elicit.Slot.1329248743321.578272735019"
              }
            }
          ]
        }
      ],
      "delegationStrategy": "ALWAYS"
    },
    "prompts": [
      {
        "id": "Elicit.Slot.864383859714.1675231052295",
        "variations": [
          {
            "type": "PlainText",
            "value": "Vaya, algo salio mal "
          }
        ]
      },
      {
        "id": "Elicit.Slot.864383859714.15871284933",
        "variations": [
          {
            "type": "PlainText",
            "value": "No pudo crearse la conversion"
          }
        ]
      },
      {
        "id": "Elicit.Slot.1611371295082.1431294166715",
        "variations": [
          {
            "type": "PlainText",
            "value": "Lo lamento mucho pero no se pudo crear"
          }
        ]
      },
      {
        "id": "Elicit.Slot.1611371295082.552752010184",
        "variations": [
          {
            "type": "PlainText",
            "value": "Vaya, ocurrio un problema con la resta"
          }
        ]
      },
      {
        "id": "Elicit.Slot.771669541669.374780076032",
        "variations": [
          {
            "type": "PlainText",
            "value": "No se pudo crear "
          }
        ]
      },
      {
        "id": "Elicit.Slot.771669541669.825748408789",
        "variations": [
          {
            "type": "PlainText",
            "value": "Cielos ocurrio un error"
          }
        ]
      },
      {
        "id": "Elicit.Slot.1329248743321.1070022743601",
        "variations": [
          {
            "type": "PlainText",
            "value": "Ocurrio un problema"
          }
        ]
      },
      {
        "id": "Elicit.Slot.1329248743321.578272735019",
        "variations": [
          {
            "type": "PlainText",
            "value": "Hubo un problema"
          }
        ]
      }
    ]
  },
  "version": "9"
}