{
  "manifest": {
    "publishingInformation": {
      "locales": {
        "en-US": {
          "name": "calculadora"
        },
        "es-MX": {
          "summary": "Esta calculadora ha sido elaborada para crear sumas, restas, multiplicaciones y divisiones.",
          "examplePhrases": [
            "Alexa abre calculadora basica",
            "suma 7 mas 5",
            "ayuda"
          ],
          "keywords": [],
          "name": "Calculadora basica",
          "description": "Desarrollada para operaciones básicas de prueba en temas de sumas restas simples para usos educativos.",
          "smallIconUri": "file://assets/images/es-MX_smallIconUri.png",
          "updatesDescription": "Nueva calculadora de operaciones básicas",
          "largeIconUri": "file://assets/images/es-MX_largeIconUri.png"
        }
      },
      "automaticDistribution": {
        "isActive": false
      },
      "isAvailableWorldwide": false,
      "testingInstructions": "{\"ask_dist_username\":\"\",\"ask_dist_password\":\"\",\"ask_dist_testing_instructions\":\"Sample Testing Instructions.\"}",
      "distributionMode": "PUBLIC",
      "distributionCountries": [
        "MX"
      ]
    },
    "apis": {
      "custom": {
        "endpoint": {
          "uri": "arn:aws:lambda:us-east-1:351310476054:function:202a420a-3178-459a-8a12-f473dc047a19:Release_0"
        },
        "interfaces": [],
        "locales": {},
        "regions": {
          "EU": {
            "endpoint": {
              "uri": "arn:aws:lambda:eu-west-1:351310476054:function:202a420a-3178-459a-8a12-f473dc047a19:Release_0"
            }
          },
          "NA": {
            "endpoint": {
              "uri": "arn:aws:lambda:us-east-1:351310476054:function:202a420a-3178-459a-8a12-f473dc047a19:Release_0"
            }
          },
          "FE": {
            "endpoint": {
              "uri": "arn:aws:lambda:us-west-2:351310476054:function:202a420a-3178-459a-8a12-f473dc047a19:Release_0"
            }
          }
        }
      }
    },
    "manifestVersion": "1.0",
    "privacyAndCompliance": {
      "allowsPurchases": false,
      "locales": {
        "es-MX": {}
      },
      "containsAds": false,
      "isChildDirected": false,
      "shoppingKit": {
        "isShoppingActionsEnabled": false,
        "isAmazonAssociatesOnAlexaEnabled": false
      },
      "usesPersonalInfo": false
    }
  }
}